aroma-natto.png	1AuuorKGPSjVCMDpUylrMcUR0Rbnt8Fux
aroma-pickles.png	16pjVDZ8PbVYa9nvhfIHMjqlTC4fErVrD
aroma-takuan.png	1V9kV5dfskivJ-e2_41TZ3NOh5-QLuSM1
aroma-corn-soup.png	1FSsRh2UYYt16VOq68JTw9MO9Rksl5tEo
aroma-corn.png	1watYL3HqjM6sEGLu7xcXTTbnolKauVLr
aroma-cabbage.png	1RA79cB3iXtHIKoPcTTPwJmbVyxtij7XK
aroma-skunk.png	1_GC124b7dAk-piJyEnm0cciFJh_S8dm3
aroma-soil.png	1QTfefeAjzSwW3nr2htl3Q3i8wP7lSvxx
aroma-mouse.png	15wvKoxTbj6a86LWKrj5snBKZJXUNFqk8
aroma-stable-animal.png	1Yio2RAEw5_wNPzaz8xh4SbaAu5Szlhsw
aroma-sweat.png	19R7lT_t4gcOvYRBpF86twJmIPEv8ehci
aroma-mureka-musty-steam.png	1eVy7yDnqopz-eS0hET0EYIPJNyH-a6i1
aroma-green-aldehydic.png	1Uk1KeV04IqlNQ3YkXFU465IvHxntifzd
aroma-phenol.png	1p0rwmTRBuf5b-fV3VEFM6bvv-lB6spWe
aroma-kerosene.png	1utMamBHMKPyH-RGY2Iqr8H-ZIldLcdm-
aroma-cardboard-old-paper.png	1ckrhLt7LkwyNHQ97kehfB-qzj9wSbBQv
aroma-cork.png	1CY4cRmAsx1hdNVgCZ9ZNkPoQSYUzwRjI
aroma-mold.png	1cf5gQtgk-pHT0kLi80qqGg4-_h50g4v_
aroma-rotten-egg.png	1J_5Yf9xjtCQSKU2LTMsyEA2DK8lcuAp-
aroma-onion.png	1HDWocB0rO4CuKeo1Hk9VRay-VRNLzVF1
aroma-gas.png	1ZXMTjhpe-gvUkKdRCFjBsZ2pRD95kYLk
aroma-match-sulfite.png	1irM8pOPYN2lv3AsxPJRKs5Ahd-qxMtpj
aroma-smoky-charred.png	1uZ5seVil5aUk3eYQ4Zs5AfSAlf-4_PL2
aroma-smoked.png	1erm-OzJdFSnu2Ktfuhz-w-M-1upaeNMb
aroma-smoke.png	1vrpTL5u0gcZKLpswUNgg3QdQxWWFmdQG
aroma-plastic.png	13ltCRFojtTNsSb753nmcNZSAj3fvVM_Y
aroma-resin.png	1WwxFlEwXY5BJFd4EZWmM4etaavZ-EjMF
aroma-cooking-oil.png	1laM7kxKi0k6PhsaHaAydIyBq_eGB03pW
aroma-soap.png	1suKiwMGXCoflMOGu2e_9FFctecl2K4SB
aroma-ink.png	10hb-_B1wjX1CnP2KGZMq53mKGidy7Shm
aroma-solvent.png	14lTalzNiOUj-nLUwcpJigm3Zchox1Ayw
aroma-whiteboard-marker.png	1TVHnURokImXNAJ4gbNesVCXVeOHyfqlR
aroma-glue-remover.png	1CUP4bK06wf0kUKhi7rcvxdfP9SUOzUcc
aroma-vinegar.png	1DLtYIJYcN2oL1O50sJsV7UEfa5gIm51m
aroma-alcohol-sake.png	1uYcYeCvdmyHBQ5Ej9fWAKiYa0A9m-v-K
aroma-aonori.png	1KFoJWIAkA5uo9oLA1NCzoC1XIL-UIWB2
aroma-green-pepper.png	1-URlA-KsaBH7fCYci_WZodbGwmSBNcqN
aroma-young-green-leaves.png	1U4kv8eJ8xvtjFE06Vhy6L_elHvnMYqGy
aroma-grass.png	1DjjvuSvpuHKevRKKrLtj6vBqUe9q7piR
aroma-oak-barrel.png	1w9gyrLuuShUQyu6PvkB5WOhvgdZIepyr
aroma-ginkgo-nut.png	18Jj8krAlEyx0g0O51s2-PeEJcqEbPQ-K
aroma-mushroom.png	1uDjRLW4KFuJUiP37apNkZtjG6epF2daF
aroma-cheese.png	1K7UUD-Xj9xD1Nzx8r1JlCO_O2J3IPEB5
aroma-yogurt.png	1Gx7g7AwCldQFCx8ZZA4YJS1OOLiCu30I
aroma-fermented-butter.png	1S4tr0qX1Ue3CUhRo0Ma0eytuRMzoABDk
aroma-nuts.png	1EgAD8yWs8QIbzb0k-gY2sIVXgMZ2Yt_4
aroma-caramel.png	17brU8r7xP6wxWSbhBGkcneO2Zi2nXsfe
aroma-spice.png	1RNBx4z00UXedl1ykPY5RsnBMSZxc5obI
aroma-clove.png	1SmkV1JRC1hCOGklBo0e8IlCsAP7SvGdV
aroma-vanilla.png	1obyCjzFkfy2D6dsI3rhXwO0FcYkTpWfa
aroma-honey.png	1lRA42zxbX7_EvNdetEptmwD_0gnwTj_M
aroma-sweet-flower.png	1haIPwZD3g5DK_07rUZtW-2zofNJVfOeu
aroma-lavender.png	1K8ajsmtJeV0XTZ89ZJM9r_zyNynFCnwt
aroma-violet.png	1RI_6EZ6d0M2Ylu1CJoqnjHvI6clHuHSs
aroma-rose.png	1cZ-qhX7g1U_bI7UmzT5gcEWuONM6iGHz
aroma-grapefruit.png	1D77jhyPP0ugEZmFUn6XIB5Bw-_6A4TtO
aroma-strawberry-candy.png	1C5f-u7XqvqNa7PxtU7pqjRAyVZSj3Uo9
aroma-apple-green.png	1g9CroffamE_L9YwEK2Z7xuY6ivKn-Khr
aroma-apple-red.png	1JJvYKI1yzbb_0oQ-82ISHXu3A41ZqQmS
aroma-banana.png	1HfnLmzenMwQhhQldSgkWThA8QonA88Pg
